Season,Type,PLAYER,SAL,TEAM,AGE,GP,W,L,MIN,PTS,FGM,FGA,FG%,3PM,3PA,3P%,FTM,FTA,FT%,OREB,DREB,REB,AST,TOV,STL,BLK,PF,FP,DD2,TD3,+/-
2017,Regular,AJ Hammons,650000,DAL,24,22,4,18,163,48,17,42,40.5,5,10,50,9,20,45,8,28,36,4,10,1,13,21,129.2,0,0,-5
2017,Regular,Aaron Brooks,2700000,IND,32,65,36,29,894,322,121,300,40.3,48,128,37.5,32,40,80,18,51,69,125,66,25,9,93,628.3,0,0,-33
2017,Regular,Aaron Gordon,4351320,ORL,21,80,29,51,2298,1019,393,865,45.4,77,267,28.8,156,217,71.9,116,289,405,150,89,65,40,172,1956,7,0,-162
2017,Regular,Adreian Payne,2022240,MIN,26,18,5,13,135,63,23,54,42.6,3,15,20,14,19,73.7,9,24,33,7,8,8,7,32,150.1,0,0,10
2017,Regular,Al Horford,26540100,BOS,31,68,46,22,2193,952,379,801,47.3,86,242,35.5,108,135,80,95,370,465,337,115,52,86,138,2314.5,8,0,215
2017,Regular,Al Jefferson,10230179,IND,32,66,33,33,931,535,235,471,49.9,0,1,0,65,85,76.5,75,203,278,57,33,19,16,125,1026.1,1,0,-99
2017,Regular,Al-Farouq Aminu,7680965,POR,26,61,33,28,1773,532,183,466,39.3,70,212,33,96,136,70.6,77,374,451,99,94,60,44,102,1439.7,4,0,22
2017,Regular,Alan Anderson,980431,LAC,34,30,20,10,308,86,30,80,37.5,14,44,31.8,12,16,75,3,21,24,11,7,3,0,35,133.3,0,0,-77
2017,Regular,Alan Williams,874636,PHX,24,47,11,36,708,346,138,267,51.7,0,1,0,70,112,62.5,94,198,292,23,37,27,32,125,870.9,15,0,2
2017,Regular,Alec Burks,10154495,UTA,25,42,26,16,653,283,99,248,39.9,25,76,32.9,60,78,76.9,17,103,120,30,35,18,5,50,506,0,0,0
2017,Regular,Alex Abrines,5994764,OKC,23,68,37,31,1055,406,134,341,39.3,94,247,38.1,44,49,89.8,18,68,86,40,33,37,8,114,671.2,0,0,1
2017,Regular,Alex Len,4823621,PHX,24,77,21,56,1560,613,230,463,49.7,3,12,25,150,208,72.1,156,354,510,44,102,38,98,242,1597,11,0,-398
2017,Regular,Alexis Ajinca,4713203,NOP,29,39,15,24,584,207,89,178,50,0,4,0,29,40,72.5,46,131,177,12,31,20,22,77,532.4,1,0,-60
2017,Regular,Allen Crabbe,18500000,POR,25,79,39,40,2254,845,303,647,46.8,134,302,44.4,105,124,84.7,19,207,226,94,62,54,20,171,1417.2,0,0,-118
2017,Regular,Alonzo Gee,57672,DEN,30,13,4,9,89,11,3,14,21.4,0,3,0,5,9,55.6,4,11,15,6,4,5,1,14,52,0,0,-18
2017,Regular,Amir Johnson,12000000,BOS,30,80,51,29,1608,520,213,370,57.6,27,66,40.9,67,100,67,118,248,366,140,77,51,62,211,1431.2,0,0,208
2017,Regular,Andre Drummond,22116750,DET,23,81,36,45,2409,1105,483,911,53,2,7,28.6,137,355,38.6,345,770,1115,90,152,124,89,237,3065,49,0,-274
2017,Regular,Andre Iguodala,11131368,GSW,33,76,64,12,1998,574,219,415,52.8,64,177,36.2,72,102,70.6,51,253,304,261,58,76,39,97,1617.3,0,0,527
2017,Regular,Andre Roberson,2183072,OKC,25,79,46,33,2376,522,215,463,46.4,45,184,24.5,47,111,42.3,98,305,403,79,51,94,79,204,1592.1,2,0,145
2017,Regular,Andrew Bogut,242224,CLE,32,27,8,19,583,79,38,81,46.9,0,1,0,3,11,27.3,56,162,218,49,43,13,25,86,485.1,0,0,-34
2017,Regular,Andrew Harrison,945000,MEM,22,72,38,34,1474,425,117,360,32.5,43,156,27.6,148,194,76.3,23,113,136,198,85,53,21,194,1022.2,0,0,-26
2017,Regular,Andrew Nicholson,6088993,BKN,27,38,20,18,342,100,43,111,38.7,5,27,18.5,9,14,64.3,15,46,61,10,17,16,6,55,237.2,0,0,-128
2017,Regular,Andrew Wiggins,6006600,MIN,22,82,31,51,3048,1933,709,1570,45.2,103,289,35.6,412,542,76,102,226,328,189,187,82,30,183,2759.1,1,0,-17
2017,Regular,Anthony Bennett,1015696,BKN,24,23,3,20,264,115,38,92,41.3,13,48,27.1,26,36,72.2,25,53,78,12,12,5,3,18,238.6,0,0,-68
2017,Regular,Anthony Brown,51449,ORL,24,11,3,8,159,43,18,50,36,7,27,25.9,0,0,0,8,25,33,8,6,5,1,15,106.6,0,0,4
2017,Regular,Anthony Davis,22116750,NOP,24,75,31,44,2708,2099,770,1526,50.5,40,134,29.9,519,647,80.2,172,712,884,157,181,94,167,168,3997.3,49,0,51
2017,Regular,Anthony Morrow,3488000,CHI,31,49,25,24,714,271,98,252,38.9,41,133,30.8,34,37,91.9,12,19,31,25,6,24,2,44,417.7,0,0,22
2017,Regular,Anthony Tolliver,8000000,SAC,32,65,26,39,1477,461,155,351,44.2,90,230,39.1,61,82,74.4,51,186,237,77,56,34,20,109,966.9,1,0,-99
2017,Regular,Archie Goodwin,75000,BKN,22,15,8,7,214,110,36,66,54.5,5,15,33.3,33,42,78.6,7,21,28,24,14,4,5,8,192.6,0,0,-36
2017,Regular,Aron Baynes,6500000,DET,30,75,34,41,1163,365,143,279,51.3,0,0,0,79,94,84,111,222,333,32,50,17,39,166,930.6,2,0,136
2017,Regular,Arron Afflalo,12500000,SAC,31,61,23,38,1580,515,185,420,44,62,151,41.1,83,93,89.2,9,116,125,78,42,21,6,104,821,0,0,-247
2017,Regular,Austin Rivers,11000000,LAC,24,74,43,31,2054,889,323,731,44.2,111,299,37.1,132,191,69.1,20,141,161,204,115,48,10,187,1447.2,0,0,-3
2017,Regular,Avery Bradley,8269663,BOS,26,55,34,21,1835,894,359,775,46.3,108,277,39,68,93,73.1,65,269,334,122,88,68,11,141,1626.8,10,0,72
2017,Regular,Ben McLemore,4008882,SAC,24,61,27,34,1176,495,180,419,43,65,170,38.2,70,93,75.3,19,110,129,51,62,29,6,108,769.3,1,0,-135
2017,Regular,Beno Udrih,980431,DET,34,39,18,21,560,227,92,197,46.7,11,32,34.4,32,34,94.1,6,51,57,131,36,13,0,29,494.9,0,0,86
2017,Regular,Bismack Biyombo,17000000,ORL,24,81,29,52,1793,483,179,339,52.8,0,0,0,125,234,53.4,157,410,567,74,95,25,91,202,1527.4,10,0,-347
2017,Regular,Blake Griffin,20140838,LAC,28,61,40,21,2076,1316,479,971,49.3,38,113,33.6,320,421,76,112,385,497,300,142,57,22,157,2457.4,19,1,440
2017,Regular,Boban Marjanovic,7000000,DET,28,35,16,19,293,191,72,132,54.5,0,0,0,47,58,81,46,84,130,9,10,6,12,25,404.5,5,0,32
2017,Regular,Bobby Brown,680534,HOU,32,25,18,7,123,62,23,60,38.3,14,35,40,2,2,100,0,6,6,14,5,1,0,5,88.2,0,0,-34
2017,Regular,Bobby Portis,1453680,CHI,22,64,30,34,1000,437,183,375,48.8,32,96,33.3,39,59,66.1,75,221,296,35,37,16,11,94,888.7,5,0,-80
2017,Regular,Bojan Bogdanovic,3730653,WAS,28,81,23,58,2083,1113,376,845,44.5,144,392,36.7,217,243,89.3,37,240,277,111,131,34,7,146,1603.9,0,0,-263
2017,Regular,Boris Diaw,7000000,UTA,35,73,45,28,1283,338,146,327,44.6,20,81,24.7,26,35,74.3,46,112,158,170,87,18,9,83,776.6,0,0,18
2017,Regular,Bradley Beal,22116750,WAS,24,77,48,29,2684,1779,637,1322,48.2,223,552,40.4,282,342,82.5,53,187,240,267,156,83,21,169,2623.5,1,0,334
2017,Regular,Brandan Wright,5709880,MEM,29,28,14,14,447,189,83,135,61.5,0,1,0,23,35,65.7,31,47,78,15,10,11,20,42,388.1,0,0,35
2017,Regular,Brandon Bass,980431,LAC,32,52,29,23,577,292,107,186,57.5,1,3,33.3,77,88,87.5,43,86,129,21,29,14,11,45,524.3,0,0,-140
2017,Regular,Brandon Ingram,5281680,LAL,19,79,26,53,2279,740,276,686,40.2,55,187,29.4,133,214,62.1,60,256,316,166,116,50,36,158,1510.2,0,0,-381
2017,Regular,Brandon Jennings,1200000,WAS,27,81,37,44,1801,577,192,535,35.9,79,252,31.3,114,152,75,29,167,196,395,128,70,4,116,1498.7,3,0,-67
2017,Regular,Brandon Knight,12606250,PHX,25,54,16,38,1140,595,209,525,39.8,45,139,32.4,132,154,85.7,25,93,118,130,88,27,5,87,939.6,0,0,-327
2017,Regular,Brandon Rush,3500000,MIN,31,47,15,32,1030,197,70,187,37.4,44,114,38.6,13,18,72.2,16,83,99,45,28,22,23,42,490.3,0,0,-40
2017,Regular,Brian Roberts,980431,CHA,31,41,16,25,416,142,46,122,37.7,17,44,38.6,33,39,84.6,5,34,39,52,26,9,1,18,270.8,0,0,-58
2017,Regular,Briante Weber,128623,CHA,24,20,12,8,205,62,25,60,41.7,1,10,10,11,16,68.8,8,18,26,21,8,12,1,16,155.7,0,0,-50
2017,Regular,Brook Lopez,21165675,BKN,29,75,20,55,2222,1539,555,1172,47.4,134,387,34.6,295,364,81,121,282,403,176,184,38,124,192,2588.6,2,0,-157
2017,Regular,Bryn Forbes,543471,SAS,23,36,24,12,285,94,36,99,36.4,17,53,32.1,5,6,83.3,2,21,23,23,11,1,0,20,148.1,0,0,-51
2017,Regular,Buddy Hield,3517200,SAC,23,82,31,51,1888,866,327,767,42.6,148,379,39.1,64,76,84.2,35,234,269,121,101,38,9,115,1410.3,0,0,-211
2017,Regular,C.J. Watson,5000000,ORL,33,62,20,42,1012,281,96,248,38.7,32,105,30.5,57,66,86.4,16,73,89,114,47,43,2,84,646.8,0,0,-186
2017,Regular,CJ McCollum,3219579,POR,25,80,40,40,2796,1837,692,1441,48,185,439,42.1,268,294,91.2,60,229,289,285,172,72,42,202,2781.3,1,0,61
2017,Regular,CJ Miles,4583450,IND,30,76,39,37,1776,815,281,647,43.4,169,409,41.3,84,93,90.3,30,199,229,48,40,46,25,151,1334.8,0,0,70
2017,Regular,CJ Wilcox,1209600,ORL,26,22,8,14,108,21,8,31,25.8,3,15,20,2,2,100,4,8,12,12,6,2,1,8,56.4,0,0,-17
2017,Regular,Cameron Payne,2112480,CHI,22,31,16,15,462,160,64,193,33.2,27,86,31.4,5,8,62.5,3,45,48,55,29,14,4,52,325.1,0,0,-69
2017,Regular,Caris LeVert,1562280,BKN,22,57,15,42,1237,468,171,380,45,59,184,32.1,67,93,72,23,165,188,110,59,49,8,91,970.6,0,0,-94
2017,Regular,Carmelo Anthony,24559380,NYK,33,74,29,45,2538,1659,602,1389,43.3,151,421,35.9,304,365,83.3,62,376,438,213,153,60,34,198,2633.1,7,0,-225
2017,Regular,Chandler Parsons,22116750,MEM,28,34,18,16,675,210,75,222,33.8,25,93,26.9,35,43,81.4,6,78,84,55,24,20,5,52,444.3,0,0,-46
2017,Regular,Channing Frye,7806971,CLE,34,74,44,30,1398,676,238,520,45.8,137,335,40.9,63,74,85.1,37,253,290,45,53,33,37,138,1248.5,2,0,59
2017,Regular,Chasson Randle,143860,NYK,24,26,8,18,299,137,40,98,40.8,16,47,34,41,43,95.3,6,26,32,34,19,9,2,39,240.4,0,0,-10
2017,Regular,Cheick Diallo,543471,NOP,20,17,9,8,199,87,36,76,47.4,0,0,0,15,21,71.4,23,50,73,4,7,4,7,17,206.6,3,0,-53
2017,Regular,Chris McCullough,1191480,WAS,22,16,1,15,80,36,16,32,50,1,7,14.3,3,5,60,9,10,19,2,3,2,2,7,70.8,0,0,50
2017,Regular,Chris Paul,23199328,LAC,32,61,43,18,1921,1104,374,785,47.6,124,302,41.1,232,260,89.2,40,264,304,563,147,119,8,146,2547.3,24,1,577
2017,Regular,Christian Wood,874636,CHA,21,13,5,8,107,35,12,23,52.2,0,5,0,11,15,73.3,14,15,29,2,7,3,6,11,92.8,0,0,19
2017,Regular,Clint Capela,1296240,HOU,23,65,44,21,1551,818,362,563,64.3,0,0,0,94,177,53.1,178,348,526,63,87,34,79,179,1795.7,15,0,217
2017,Regular,Cody Zeller,5318313,CHA,24,62,33,29,1725,639,253,443,57.1,0,1,0,133,196,67.9,135,270,405,99,65,62,58,189,1568.5,6,0,210
2017,Regular,Cole Aldrich,7643979,MIN,28,62,23,39,531,105,45,86,52.3,0,0,0,15,22,68.2,51,107,158,25,17,25,23,85,459.1,1,0,-32
2017,Regular,Corey Brewer,7612172,LAL,31,82,47,35,1281,371,147,348,42.2,27,118,22.9,50,68,73.5,32,134,166,97,55,61,20,133,903.7,0,0,72
2017,Regular,Cory Joseph,7315000,TOR,25,80,49,31,2003,740,299,661,45.2,48,135,35.6,94,122,77,51,184,235,265,108,66,13,140,1548.5,1,0,43
2017,Regular,Courtney Lee,11242000,NYK,31,77,29,48,2459,835,321,704,45.6,108,269,40.1,85,98,86.7,53,206,259,179,69,81,24,141,1660.3,0,0,-232
2017,Regular,Cristiano Felicio,874636,CHI,24,66,31,35,1040,316,128,221,57.9,0,0,0,60,93,64.5,124,187,311,40,33,25,17,110,842.2,3,0,-33
2017,Regular,D'Angelo Russell,5332800,LAL,21,63,21,42,1811,984,351,867,40.5,135,384,35.2,147,188,78.2,31,190,221,303,176,87,16,130,1836.7,2,0,-359
2017,Regular,D.J. Augustin,7250000,ORL,29,78,29,49,1538,616,195,517,37.7,95,274,34.7,131,161,81.4,15,102,117,209,90,31,1,101,1075.9,0,0,-446
2017,Regular,Damian Jones,1171560,GSW,22,10,7,3,85,19,8,16,50,0,0,0,3,10,30,9,14,23,0,6,1,4,15,55.6,0,0,-28
2017,Regular,Damian Lillard,24328425,POR,26,75,38,37,2694,2024,661,1488,44.4,214,579,37,488,545,89.5,46,322,368,440,197,68,20,152,3192.6,11,0,80
2017,Regular,Damjan Rudez,980431,ORL,31,45,12,33,314,82,31,88,35.2,20,64,31.3,0,0,0,5,20,25,20,9,12,1,31,172,0,0,-75
2017,Regular,Daniel Ochefu,543471,WAS,23,19,12,7,75,24,12,27,44.4,0,0,0,0,2,0,5,17,22,3,3,2,0,17,57.9,0,0,-30
2017,Regular,Danilo Gallinari,15050000,DEN,28,63,31,32,2134,1145,335,750,44.7,126,324,38.9,349,387,90.2,39,286,325,135,82,40,15,93,1820.5,4,0,160
2017,Regular,Danny Green,10000000,SAS,30,68,51,17,1807,497,176,449,39.2,118,311,37.9,27,32,84.4,31,193,224,124,76,70,57,120,1256.8,0,0,268
2017,Regular,Dante Cunningham,2978250,NOP,30,66,28,38,1649,435,174,359,48.5,71,181,39.2,16,27,59.3,56,221,277,37,28,39,28,100,995.9,0,0,-50
2017,Regular,Dante Exum,3940320,UTA,21,66,40,26,1228,412,155,363,42.7,44,149,29.5,58,73,79.5,30,102,132,111,80,21,12,146,755.9,0,0,-1
2017,Regular,Dario Saric,2318280,PHI,23,81,28,53,2129,1040,381,927,41.1,106,341,31.1,172,220,78.2,112,401,513,182,183,57,30,162,2006.6,10,0,-307
2017,Regular,Darrell Arthur,8070175,DEN,29,41,20,21,639,262,95,215,44.2,53,117,45.3,19,22,86.4,25,87,112,42,36,19,21,76,543.4,0,0,-24
2017,Regular,Darren Collison,5229454,SAC,29,68,26,42,2063,900,340,714,47.6,73,175,41.7,147,171,86,23,129,152,312,114,67,9,119,1664.4,4,0,-130
2017,Regular,David Lee,1551659,SAS,34,79,58,21,1477,576,248,420,59,0,0,0,80,113,70.8,149,292,441,124,82,31,40,125,1422.2,7,0,315
2017,Regular,David Nwaba,73528,LAL,24,20,5,15,397,120,47,81,58,1,5,20,25,39,64.1,17,46,63,14,11,13,7,36,265.6,0,0,11
2017,Regular,David West,980431,GSW,36,68,56,12,854,316,135,252,53.6,3,8,37.5,43,56,76.8,47,156,203,151,78,42,48,105,978.1,0,0,120
2017,Regular,Davis Bertans,543471,SAS,24,67,51,16,808,303,103,234,44,69,173,39.9,28,34,82.4,22,76,98,46,32,20,28,75,601.6,0,0,116
2017,Regular,DeAndre Jordan,21165675,LAC,28,81,51,30,2570,1029,412,577,71.4,0,2,0,205,425,48.2,298,816,1114,96,115,51,134,212,2949.8,41,0,459
2017,Regular,DeAndre Liggins,1015696,DAL,29,62,40,22,777,152,55,142,38.7,17,46,37,25,40,62.5,20,88,108,54,42,47,14,81,503.6,0,0,53
2017,Regular,DeAndre' Bembry,1499760,ATL,22,38,20,18,371,101,47,98,48,1,18,5.6,6,16,37.5,14,45,59,28,16,8,5,21,236.8,0,0,-47
2017,Regular,DeMar DeRozan,26540100,TOR,27,74,47,27,2620,2020,721,1545,46.7,33,124,26.6,545,647,84.2,70,316,386,290,180,78,13,134,3011.2,5,0,146
2017,Regular,DeMarcus Cousins,16957900,NOP,26,72,30,42,2465,1942,647,1432,45.2,131,363,36.1,517,670,77.2,152,642,794,332,269,100,93,278,3702.8,46,2,-25
2017,Regular,DeMarre Carroll,14200000,TOR,30,72,44,28,1882,638,220,550,40,109,320,34.1,89,117,76.1,63,212,275,74,54,81,27,143,1349,2,0,113
2017,Regular,Dejounte Murray,1180080,SAS,20,38,29,9,321,130,50,116,43.1,9,23,39.1,21,30,70,6,36,42,48,38,8,6,29,256.4,0,0,1
2017,Regular,Delon Wright,1577280,TOR,25,27,19,8,446,150,49,116,42.2,10,30,33.3,42,55,76.4,16,32,48,57,25,27,11,31,382.1,0,0,90
2017,Regular,Dennis Schroder,2708582,ATL,23,79,42,37,2485,1414,548,1214,45.1,100,294,34,218,255,85.5,42,206,248,499,258,74,16,149,2472.1,10,0,-77
2017,Regular,Denzel Valentine,2092200,CHI,23,57,28,29,976,291,102,288,35.4,73,208,35.1,14,18,77.8,11,140,151,63,49,30,7,86,628.7,1,0,-17
2017,Regular,Deron Williams,259526,CLE,33,64,25,39,1657,701,263,600,43.8,85,234,36.3,90,109,82.6,14,133,147,360,138,31,8,138,1396.4,3,0,-92
2017,Regular,Derrick Favors,11050000,UTA,25,50,33,17,1186,476,203,417,48.7,3,10,30,67,109,61.5,92,213,305,56,60,45,40,103,1121,6,0,57
2017,Regular,Derrick Jones Jr.,543471,PHX,20,32,7,25,545,168,68,121,56.2,3,11,27.3,29,41,70.7,39,40,79,12,13,14,13,63,348.8,0,0,33
2017,Regular,Derrick Rose,21323252,NYK,28,64,26,38,2082,1154,460,977,47.1,13,60,21.7,221,253,87.4,66,180,246,283,147,44,17,84,1909.7,2,0,-165
2017,Regular,Derrick Williams,230690,CLE,26,50,16,34,804,304,108,244,44.3,30,97,30.9,58,89,65.2,19,111,130,28,28,14,7,60,537,0,0,-58
2017,Regular,Devin Booker,2223600,PHX,20,78,24,54,2730,1726,606,1431,42.3,147,405,36.3,367,441,83.2,46,203,249,268,241,72,21,242,2464.8,0,0,-226
2017,Regular,Devin Harris,4227996,DAL,34,65,29,36,1087,437,136,341,39.9,58,177,32.8,107,129,82.9,11,116,127,136,57,43,7,101,886.4,0,0,38
2017,Regular,Dewayne Dedmon,2898000,SAS,27,76,55,21,1330,387,161,259,62.2,0,0,0,65,93,69.9,129,367,496,44,61,37,61,180,1281.2,6,0,191
2017,Regular,Deyonta Davis,1369229,MEM,20,36,23,13,238,58,24,47,51.1,0,0,0,10,18,55.6,20,40,60,2,8,3,17,40,185,0,0,-42
2017,Regular,Dion Waiters,2898000,MIA,25,46,27,19,1384,729,281,663,42.4,85,215,39.5,82,127,64.6,18,135,153,200,103,42,20,95,1295.6,2,0,85
2017,Regular,Dirk Nowitzki,25000000,DAL,39,54,23,31,1424,769,296,678,43.7,79,209,37.8,98,112,87.5,23,330,353,82,51,30,38,113,1468.6,8,0,-14
2017,Regular,Domantas Sabonis,2440200,OKC,21,81,46,35,1632,479,192,481,39.9,51,159,32.1,44,67,65.7,46,242,288,82,83,39,32,200,1077.6,2,0,16
2017,Regular,Donatas Motiejunas,576724,NOP,26,34,16,18,479,150,57,138,41.3,11,47,23.4,25,49,51,26,75,101,32,31,18,11,55,375.2,0,0,-120
2017,Regular,Dorian Finney-Smith,543471,DAL,24,81,33,48,1642,350,124,333,37.2,56,191,29.3,46,61,75.4,55,167,222,67,45,52,25,125,902.9,0,0,-118
2017,Regular,Doug McDermott,2483040,OKC,25,66,35,31,1508,592,222,497,44.7,77,208,37,71,84,84.5,20,159,179,58,38,13,5,79,909.8,1,0,-29
2017,Regular,Dragan Bender,4276320,PHX,19,43,13,30,574,146,57,161,35.4,28,101,27.7,4,11,36.4,23,80,103,23,32,10,22,74,368.1,1,0,-25
2017,Regular,Draymond Green,15330435,GSW,27,76,62,14,2471,776,272,650,41.8,81,263,30.8,151,213,70.9,98,501,599,533,184,154,106,217,2890.3,17,5,820
2017,Regular,Dwight Howard,23180275,ATL,31,74,37,37,2199,1002,388,613,63.3,0,2,0,226,424,53.3,296,644,940,104,170,64,92,203,2584,53,0,-109
2017,Regular,Dwight Powell,8375000,DAL,25,77,30,47,1333,516,194,377,51.5,21,74,28.4,107,141,75.9,93,213,306,49,34,61,39,135,1222.7,2,0,-169
2017,Regular,Dwyane Wade,23200000,CHI,35,60,29,31,1792,1096,414,955,43.4,45,145,31,223,281,79.4,63,207,270,228,138,86,41,112,2005,2,0,-69
2017,Regular,E'Twaun Moore,8081363,NOP,28,73,32,41,1820,700,283,619,45.7,77,208,37,57,74,77,33,119,152,164,62,50,32,131,1312.4,0,0,-110
2017,Regular,Ed Davis,6666667,POR,28,46,19,27,789,200,75,142,52.8,0,0,0,50,81,61.7,96,148,244,26,37,15,22,137,605.8,3,0,-129
2017,Regular,Elfrid Payton,2613600,ORL,23,82,29,53,2412,1046,430,912,47.1,40,146,27.4,146,211,69.2,89,298,387,529,178,88,40,177,2509.9,18,5,-145
2017,Regular,Emmanuel Mudiay,3241800,DEN,21,55,25,30,1406,603,208,551,37.7,56,178,31.5,131,167,78.4,29,149,178,217,123,41,13,95,1181.1,1,0,-132
2017,Regular,Enes Kanter,17145838,OKC,25,72,43,29,1533,1033,402,737,54.5,5,38,13.2,224,285,78.6,195,287,482,67,123,32,38,154,1798.9,18,0,54
2017,Regular,Eric Bledsoe,14000000,PHX,27,66,22,44,2176,1390,449,1034,43.4,104,310,33.5,388,458,84.7,52,268,320,418,224,91,31,164,2543,7,1,-182
2017,Regular,Eric Gordon,12385364,HOU,28,75,50,25,2323,1217,412,1016,40.6,246,661,37.2,147,175,84,29,172,201,188,121,48,41,150,1886.2,0,0,295
2017,Regular,Ersan Ilyasova,8400000,ATL,30,82,35,47,2142,1071,384,890,43.1,142,402,35.3,161,207,77.8,115,366,481,141,116,58,23,211,1986.7,10,0,-31
2017,Regular,Evan Fournier,17000000,ORL,24,68,23,45,2234,1167,408,930,43.9,128,360,35.6,223,277,80.5,44,165,209,202,141,66,4,180,1789.8,1,0,-194
2017,Regular,Evan Turner,16393443,POR,28,65,34,31,1658,586,235,552,42.6,31,118,26.3,85,103,82.5,36,211,247,205,100,53,24,121,1320.9,2,0,-180
2017,Regular,Frank Kaminsky,2730000,CHA,24,75,31,44,1954,874,320,802,39.9,116,354,32.8,118,156,75.6,57,279,336,162,76,46,34,139,1684.2,4,0,43
2017,Regular,Fred VanVleet,543471,TOR,23,37,25,12,294,107,39,111,35.1,11,29,37.9,18,22,81.8,4,38,42,35,15,16,3,36,251.9,0,0,65
2017,Regular,Garrett Temple,8000000,SAC,31,65,25,40,1728,506,183,432,42.4,82,220,37.3,58,74,78.4,32,152,184,168,78,84,28,141,1236.8,0,0,-176
2017,Regular,Gary Harris,1655880,DEN,22,57,29,28,1782,851,320,637,50.2,107,255,42,104,134,77.6,48,130,178,164,76,71,8,92,1471.6,0,0,81
2017,Regular,George Hill,8000000,UTA,31,49,33,16,1544,829,289,606,47.7,94,233,40.3,157,196,80.1,23,144,167,204,85,50,11,114,1433.4,0,0,256
2017,Regular,Georges Niang,650000,IND,24,23,11,12,93,21,9,36,25,1,12,8.3,2,2,100,2,15,17,5,5,3,0,6,52.9,0,0,3
2017,Regular,Georgios Papagiannis,2202240,SAC,19,22,7,15,355,124,56,102,54.9,0,2,0,12,14,85.7,24,62,86,20,24,3,17,44,293.2,2,0,-32
2017,Regular,Gerald Green,980431,BOS,31,47,32,15,538,262,95,232,40.9,39,111,35.1,33,41,80.5,16,68,84,33,25,9,7,48,435.3,0,0,10
2017,Regular,Gerald Henderson,9000000,PHI,29,72,24,48,1667,662,234,553,42.3,61,173,35.3,133,165,80.6,34,151,185,112,62,40,15,129,1155,0,0,-304
2017,Regular,Giannis Antetokounmpo,2995421,MIL,22,80,42,38,2845,1832,656,1259,52.1,49,180,27.2,471,612,77,142,558,700,434,234,131,151,246,3935,32,3,46
2017,Regular,Glenn Robinson III,1050500,IND,23,69,35,34,1427,419,158,338,46.7,49,125,39.2,54,76,71.1,57,189,246,47,37,41,20,63,930.7,3,0,-75
2017,Regular,Goran Dragic,15891725,MIA,31,73,40,33,2459,1483,534,1124,47.5,117,289,40.5,298,377,79,62,217,279,423,212,89,13,199,2546.3,6,0,66
2017,Regular,Gordon Hayward,16073140,UTA,27,73,46,27,2516,1601,545,1156,47.1,149,374,39.8,362,429,84.4,49,345,394,252,140,73,20,117,2590.8,2,0,347
2017,Regular,Gorgui Dieng,2348783,MIN,27,82,31,51,2653,816,332,661,50.2,16,43,37.2,136,167,81.4,188,459,647,158,107,88,95,254,2271.4,13,0,33
2017,Regular,Greg Monroe,17145838,MIL,27,81,42,39,1823,951,387,726,53.3,0,4,0,177,239,74.1,167,365,532,187,140,92,38,168,2119.9,13,0,137
2017,Regular,Harrison Barnes,22116750,DAL,25,79,32,47,2803,1518,599,1280,46.8,78,222,35.1,242,281,86.1,93,301,394,116,102,65,15,128,2302.8,1,0,-135
2017,Regular,Hassan Whiteside,22116750,MIA,28,77,39,38,2513,1309,542,973,55.7,0,0,0,225,358,62.8,293,795,1088,57,154,57,161,226,3200.1,58,0,98
2017,Regular,Henry Ellenson,1704120,DET,20,19,8,11,146,60,23,64,35.9,10,35,28.6,4,8,50,8,33,41,7,14,1,1,6,111.7,1,0,-3
2017,Regular,Hollis Thompson,59747,NOP,26,40,12,28,752,205,77,200,38.5,32,95,33.7,19,29,65.5,19,93,112,35,11,20,6,69,458.9,0,0,-71
2017,Regular,Ian Clark,980431,GSW,26,77,63,14,1137,527,211,433,48.7,61,163,37.4,44,58,75.9,22,99,121,90,55,39,8,77,893.2,0,0,36
2017,Regular,Ian Mahinmi,15944154,WAS,30,31,19,12,555,173,65,111,58.6,0,0,0,43,75,57.3,47,103,150,19,34,33,24,90,518.5,0,0,31
2017,Regular,Iman Shumpert,9662921,CLE,27,76,48,28,1937,567,201,489,41.1,94,261,36,71,90,78.9,39,179,218,109,78,62,27,150,1181.1,0,0,45
2017,Regular,Isaiah Canaan,1015696,CHI,26,39,19,20,592,181,63,173,36.4,25,94,26.6,30,33,90.9,6,44,50,37,21,22,1,35,344.5,0,0,-88
2017,Regular,Isaiah Thomas,6587132,BOS,28,76,51,25,2569,2199,682,1473,46.3,245,646,37.9,590,649,90.9,43,162,205,448,210,70,13,167,3156,5,0,276
2017,Regular,Isaiah Whitehead,1074145,BKN,22,73,17,56,1643,543,204,508,40.2,44,149,29.5,91,113,80.5,32,152,184,192,142,42,36,175,1143.8,1,0,-116
2017,Regular,Ish Smith,6000000,DET,28,81,37,44,1955,758,329,749,43.9,28,105,26.7,72,102,70.6,21,214,235,418,112,61,33,127,1837,3,0,50
2017,Regular,Ivica Zubac,1034956,LAL,20,38,8,30,608,284,126,238,52.9,0,3,0,32,49,65.3,41,118,159,30,30,14,33,66,630.8,4,0,-134
2017,Regular,J.J. Barea,4096950,DAL,33,35,11,24,771,381,142,343,41.4,53,148,35.8,44,51,86.3,9,75,84,193,63,14,1,30,753.3,0,0,11
2017,Regular,JJ Redick,7377500,LAC,33,78,50,28,2198,1173,396,890,44.5,201,468,42.9,180,202,89.1,11,160,171,110,98,54,13,125,1646.2,0,0,470
2017,Regular,JR Smith,12800000,CLE,31,41,25,16,1187,351,123,356,34.6,95,271,35.1,10,15,66.7,17,96,113,62,26,40,11,77,706.6,0,0,72
2017,Regular,JaMychal Green,980431,MEM,27,77,40,37,2101,689,250,500,50,55,145,37.9,134,167,80.2,167,377,544,84,94,47,34,248,1616.8,10,0,-29
2017,Regular,JaVale McGee,980431,GSW,29,77,62,15,739,472,208,319,65.2,0,3,0,56,111,50.5,100,144,244,17,40,19,67,109,1008.3,0,0,312
2017,Regular,Jabari Parker,5374320,MIL,22,51,22,29,1728,1025,399,814,49,65,178,36.5,162,218,74.3,79,235,314,142,93,50,22,111,1737.8,2,0,-89
2017,Regular,Jae Crowder,6286408,BOS,26,72,48,24,2335,999,333,720,46.3,157,394,39.8,176,217,81.1,48,367,415,155,80,73,23,161,1937.5,7,0,349
2017,Regular,Jahlil Okafor,4788840,PHI,21,50,15,35,1134,590,242,471,51.4,0,0,0,106,158,67.1,81,159,240,58,91,20,49,122,1081,2,0,-322
2017,Regular,Jake Layman,600000,POR,23,35,16,19,249,78,26,89,29.2,13,51,25.5,13,17,76.5,6,18,24,11,11,9,3,22,148.3,0,0,-1
2017,Regular,Jakob Poeltl,2703960,TOR,21,54,38,16,626,165,67,115,58.3,0,0,0,31,57,54.4,78,87,165,12,29,17,20,113,463,0,0,-6
2017,Regular,Jamal Crawford,13253012,LAC,37,82,51,31,2157,1008,359,870,41.3,116,322,36,174,203,85.7,17,112,129,214,134,61,14,115,1574.8,0,0,21
2017,Regular,Jamal Murray,3210840,DEN,20,82,40,42,1764,811,295,730,40.4,115,344,33.4,106,120,88.3,41,173,214,170,113,51,24,124,1434.8,1,0,77
2017,Regular,Jameer Nelson,4540525,DEN,35,75,34,41,2045,687,268,604,44.4,106,273,38.8,45,63,71.4,28,164,192,385,128,54,8,197,1552.9,4,0,128
2017,Regular,James Ennis,2898000,MEM,26,64,32,32,1501,429,146,321,45.5,51,137,37.2,86,110,78.2,69,190,259,64,59,46,19,165,971.8,1,0,45
2017,Regular,James Harden,26540100,HOU,27,81,54,27,2947,2356,674,1533,44,262,756,34.7,746,881,84.7,95,564,659,907,464,121,38,215,4520.3,64,22,425
2017,Regular,James Johnson,4000000,MIA,30,76,40,36,2085,975,368,769,47.9,87,256,34,152,215,70.7,66,310,376,276,171,76,86,197,2155.2,4,0,138
2017,Regular,James Jones,980431,CLE,36,48,28,20,381,132,44,92,47.8,31,66,47,13,20,65,3,34,37,14,10,6,10,37,235.4,0,0,-101
2017,Regular,James Michael McAdoo,980431,GSW,24,52,43,9,457,147,62,117,53,2,8,25,21,42,50,34,57,91,18,19,18,29,47,405.2,0,0,-40
2017,Regular,James Young,1825200,BOS,21,29,16,13,220,68,25,58,43.1,12,35,34.3,6,9,66.7,6,20,26,4,4,10,2,15,137.2,0,0,-38
2017,Regular,Jared Dudley,10470000,PHX,31,64,17,47,1362,434,157,346,45.4,77,203,37.9,43,65,66.2,31,194,225,121,73,42,16,154,986.5,0,0,-45
2017,Regular,Jared Sullinger,5628000,TOR,25,11,2,9,118,37,15,47,31.9,3,18,16.7,4,8,50,10,17,27,3,4,4,1,17,84.9,0,0,-30
2017,Regular,Jarell Martin,1286160,MEM,23,42,23,19,558,165,58,151,38.4,9,25,36,40,50,80,42,120,162,8,28,17,9,91,421.4,1,0,-71
2017,Regular,Jason Smith,5000000,WAS,31,74,45,29,1068,420,174,329,52.9,37,78,47.4,35,51,68.6,64,194,258,37,58,21,54,168,952.1,0,0,-15
2017,Regular,Jason Terry,980431,MIL,39,74,37,37,1365,307,105,243,43.2,73,171,42.7,24,29,82.8,15,91,106,98,36,46,20,95,743.2,0,0,108
2017,Regular,Jaylen Brown,4743000,BOS,20,78,50,28,1341,515,192,423,45.4,46,135,34.1,85,124,68.5,45,175,220,64,68,35,18,142,966,0,0,-122
2017,Regular,Jeff Green,15000000,ORL,30,69,26,43,1534,638,220,558,39.4,53,193,27.5,145,168,86.3,39,175,214,81,75,37,13,103,1091.3,1,0,-296
2017,Regular,Jeff Teague,8800000,IND,29,82,42,40,2657,1254,402,909,44.2,90,252,35.7,360,415,86.7,33,297,330,639,216,100,32,165,2788.5,16,0,51
2017,Regular,Jeff Withey,1015696,UTA,27,51,33,18,432,146,55,103,53.4,0,1,0,36,48,75,52,69,121,7,14,16,32,52,431.7,0,0,-23
2017,Regular,Jerami Grant,980431,OKC,23,80,43,37,1531,437,152,328,46.3,43,116,37.1,90,147,61.2,38,167,205,46,44,33,79,149,1044,0,0,-187
2017,Regular,Jeremy Lamb,6511628,CHA,25,62,27,35,1143,603,226,491,46,41,146,28.1,110,129,85.3,30,234,264,75,40,27,23,98,1142.3,1,0,-40
2017,Regular,Jeremy Lin,11483254,BKN,28,36,13,23,883,523,175,400,43.8,58,156,37.2,115,141,81.6,11,124,135,184,86,42,14,79,1043,3,0,-83
2017,Regular,Jerian Grant,1643040,CHI,24,63,29,34,1028,370,128,301,42.5,49,134,36.6,65,73,89,17,94,111,121,44,47,8,93,805.7,1,0,52
2017,Regular,Jimmy Butler,18156361,CHI,27,76,40,36,2809,1816,570,1252,45.5,91,248,36.7,585,676,86.5,129,341,470,417,159,143,32,112,3371.5,15,2,204
2017,Regular,Joakim Noah,17000000,NYK,32,46,17,29,1015,232,99,202,49,0,1,0,34,78,43.6,162,241,403,103,58,30,37,127,1013.1,5,0,-144
2017,Regular,Jodie Meeks,6540000,ORL,29,36,14,22,738,327,103,256,40.2,56,137,40.9,65,74,87.8,5,72,77,45,36,34,4,41,564.9,0,0,-101
2017,Regular,Joe Harris,980431,BKN,25,52,10,42,1138,428,154,362,42.5,85,221,38.5,35,49,71.4,16,131,147,54,55,30,8,121,744.4,0,0,-284
2017,Regular,Joe Ingles,2150000,UTA,29,82,51,31,1972,581,204,451,45.2,123,279,44.1,50,68,73.5,23,238,261,225,107,96,8,163,1436.7,0,0,162
2017,Regular,Joe Johnson,11000000,UTA,36,78,47,31,1843,715,273,626,43.6,106,258,41.1,63,77,81.8,33,210,243,144,69,36,18,93,1315.6,0,0,118
2017,Regular,Joe Young,1052342,IND,25,33,18,15,135,68,26,72,36.1,5,23,21.7,11,15,73.3,1,16,17,15,5,4,0,5,117.9,0,0,-57
2017,Regular,Joel Anthony,346034,SAS,34,19,15,4,122,25,10,16,62.5,0,0,0,5,8,62.5,8,23,31,3,4,2,6,11,86.7,0,0,-13
2017,Regular,Joel Bolomboy,600000,UTA,23,12,8,4,53,22,9,16,56.3,1,4,25,3,6,50,4,13,17,2,2,1,2,1,52.4,0,0,12
2017,Regular,Joel Embiid,4826160,PHI,23,31,13,18,786,627,200,429,46.6,36,98,36.7,191,244,78.3,61,182,243,66,117,27,76,112,1209.6,9,0,67
2017,Regular,Joffrey Lauvergne,1709719,CHI,25,70,41,29,980,375,148,336,44,33,98,33.7,46,73,63,72,179,251,70,56,25,6,83,818.2,0,0,-89
2017,Regular,John Henson,12267606,MIL,26,58,26,32,1123,392,159,309,51.5,0,1,0,74,107,69.2,92,203,295,57,52,29,78,151,1100.5,0,0,-49
2017,Regular,John Wall,16957900,WAS,26,78,48,30,2835,1805,647,1435,45.1,89,272,32.7,422,527,80.1,59,267,326,831,322,157,49,151,3738.7,50,0,248
2017,Regular,Johnny O'Bryant III,161483,CHA,24,11,4,7,81,38,15,30,50,3,6,50,5,6,83.3,9,10,19,6,6,0,1,10,66.8,0,0,-26
2017,Regular,Jon Leuer,10991957,DET,28,75,34,41,1944,767,310,646,48,49,167,29.3,98,113,86.7,102,300,402,111,66,31,26,145,1520.9,3,0,-77
2017,Regular,Jonas Jerebko,5000000,BOS,30,78,51,27,1232,299,114,262,43.5,45,130,34.6,26,37,70.3,59,213,272,71,39,25,17,122,818.9,0,0,36
2017,Regular,Jonas Valanciunas,14382022,TOR,25,80,50,30,2066,959,391,702,55.7,1,2,50,176,217,81.1,226,533,759,57,106,37,63,216,2149.3,29,0,109
2017,Regular,Jonathan Gibson,469943,DAL,29,17,4,13,231,106,35,95,36.8,15,45,33.3,21,29,72.4,1,21,22,26,21,8,0,21,174.4,0,0,-83
2017,Regular,Jonathon Simmons,874636,SAS,27,78,60,18,1392,483,177,421,42,30,102,29.4,99,132,75,20,140,160,126,76,47,25,146,1004,0,0,208
2017,Regular,Jordan Clarkson,12500000,LAL,25,82,26,56,2397,1205,477,1071,44.5,117,356,32.9,134,168,79.8,49,197,246,213,164,88,8,150,1943.7,0,0,-422
2017,Regular,Jordan Crawford,173099,NOP,28,19,9,10,442,267,105,218,48.2,37,95,38.9,20,26,76.9,4,30,34,57,25,11,2,30,407.3,0,0,17
2017,Regular,Jordan Mickey,1223653,BOS,22,25,9,16,141,38,15,34,44.1,0,1,0,8,14,57.1,13,21,34,7,9,3,6,12,107.3,0,0,-58
2017,Regular,Jose Calderon,247991,ATL,35,41,15,26,539,141,55,134,41,20,64,31.3,11,12,91.7,15,59,74,88,41,11,1,36,356.8,0,0,-105
2017,Regular,Josh McRoberts,5782450,MIA,30,22,6,16,381,107,44,118,37.3,13,31,41.9,6,9,66.7,23,51,74,50,23,10,4,31,289.8,0,0,-73
2017,Regular,Josh Richardson,874636,MIA,23,53,23,30,1614,539,202,513,39.4,75,227,33,60,77,77.9,35,133,168,140,65,60,39,132,1182.6,0,0,7
2017,Regular,Jrue Holiday,11286518,NOP,27,67,32,35,2190,1029,405,893,45.4,100,281,35.6,119,168,70.8,46,218,264,488,194,100,44,133,2315.8,16,0,37
2017,Regular,Juan Hernangomez,1987440,DEN,21,62,30,32,842,305,101,224,45.1,46,113,40.7,57,76,75,43,144,187,29,31,30,12,62,667.9,1,0,-34
2017,Regular,Julius Randle,3267120,LAL,22,74,24,50,2132,975,377,773,48.8,17,63,27,204,282,72.3,150,486,636,264,173,49,37,248,2219.2,18,3,-453
2017,Regular,Justin Anderson,1514160,PHI,23,75,24,51,1227,532,186,439,42.4,58,194,29.9,102,129,79.1,69,176,245,66,66,41,23,109,1051,0,0,-194
2017,Regular,Justin Hamilton,3000000,BKN,27,64,14,50,1177,442,174,379,45.9,55,180,30.6,39,52,75,71,191,262,55,43,29,43,91,1011.9,1,0,-291
2017,Regular,Justin Holiday,1015696,NYK,28,82,31,51,1639,629,233,538,43.3,97,273,35.5,66,80,82.5,27,198,225,102,66,65,31,109,1274,0,0,-41
2017,Regular,Justise Winslow,2593440,MIA,21,18,4,14,625,196,80,225,35.6,7,35,20,29,47,61.7,23,71,94,66,33,26,6,52,470.8,1,0,-6
2017,Regular,Jusuf Nurkic,1921320,POR,22,65,34,31,1391,662,271,534,50.7,0,1,0,120,210,57.1,154,313,467,123,143,50,74,161,1635.9,13,0,-53
2017,Regular,KJ McDaniels,3333333,BKN,24,49,28,21,506,206,77,169,45.6,20,66,30.3,32,38,84.2,15,67,82,13,29,19,18,49,405.9,0,0,-45
2017,Regular,Karl-Anthony Towns,5960160,MIN,21,82,31,51,3030,2061,802,1480,54.2,101,275,36.7,356,428,83.2,296,711,1007,220,212,56,103,241,3864.4,62,1,-28
2017,Regular,Kawhi Leonard,17638063,SAS,26,74,54,20,2474,1888,636,1312,48.5,147,387,38,469,533,88,80,350,430,260,154,133,55,122,3204,9,0,436
2017,Regular,Kay Felder,543471,CLE,22,42,25,17,386,166,62,158,39.2,7,22,31.8,35,49,71.4,3,38,41,58,30,18,7,38,347.2,0,0,-53
2017,Regular,Kelly Olynyk,3094014,BOS,26,75,49,26,1538,678,260,508,51.2,68,192,35.4,90,123,73.2,73,288,361,148,96,43,29,207,1453.2,2,0,16
2017,Regular,Kelly Oubre Jr.,2006640,WAS,21,79,47,32,1605,501,186,442,42.1,54,188,28.7,75,99,75.8,61,200,261,47,50,58,17,195,1059.7,1,0,-42
2017,Regular,Kemba Walker,12000000,CHA,27,79,36,43,2739,1830,643,1449,44.4,240,602,39.9,304,359,84.7,45,263,308,434,168,85,22,119,3003.6,8,0,190
2017,Regular,Kenneth Faried,12078652,DEN,27,61,29,32,1296,587,228,416,54.8,0,6,0,131,189,69.3,183,279,462,55,59,43,40,124,1413.9,11,0,-61
2017,Regular,Kent Bazemore,15730338,ATL,27,73,39,34,1963,801,295,721,40.9,92,266,34.6,119,168,70.8,45,186,231,177,125,91,52,165,1647.7,1,0,-108
2017,Regular,Kentavious Caldwell-Pope,3678319,DET,24,76,33,43,2528,1047,370,928,39.9,153,437,35,154,185,83.2,55,193,248,193,86,89,12,118,1851.1,1,0,-149
2017,Regular,Kevin Durant,26540100,GSW,28,62,51,11,2070,1555,551,1026,53.7,117,312,37.5,336,384,87.5,39,474,513,300,138,66,99,117,2977.6,23,1,711
2017,Regular,Kevin Love,21165675,CLE,28,60,40,20,1885,1142,370,867,42.7,145,389,37.3,257,295,87.1,148,518,666,116,122,53,21,125,2215.2,41,0,335
2017,Regular,Kevin Seraphin,1800000,IND,27,49,23,26,559,232,109,198,55.1,0,2,0,14,22,63.6,41,101,142,23,29,7,20,66,488.9,0,0,-101
2017,Regular,Kevon Looney,1182840,GSW,21,53,44,9,447,135,56,107,52.3,2,9,22.2,21,34,61.8,44,80,124,29,17,15,17,64,406.3,0,0,-17
2017,Regular,Khris Middleton,15200000,MIL,25,29,19,10,889,426,150,333,45,45,104,43.3,81,92,88,11,112,123,99,65,41,7,79,801.1,0,0,90
2017,Regular,Klay Thompson,16663575,GSW,27,78,66,12,2649,1742,644,1376,46.8,268,647,41.4,186,218,85.3,49,236,285,160,128,66,40,139,2514,0,0,801
2017,Regular,Kosta Koufos,8046500,SAC,28,71,27,44,1419,470,216,392,55.1,0,1,0,38,62,61.3,118,285,403,47,61,36,48,172,1215.1,4,0,-156
2017,Regular,Kris Dunn,3872520,MIN,23,78,30,48,1333,293,118,313,37.7,21,73,28.8,36,59,61,24,142,166,188,89,78,36,178,1027.2,1,0,-131
2017,Regular,Kris Humphries,4000000,ATL,32,56,31,25,689,257,87,214,40.7,19,54,35.2,64,82,78,60,146,206,29,28,15,21,69,627.7,0,0,-68
2017,Regular,Kristaps Porzingis,4317720,NYK,21,66,26,40,2164,1196,443,985,45,112,314,35.7,198,252,78.6,111,364,475,97,118,47,129,244,2321.5,12,0,-102
2017,Regular,Kyle Anderson,1192080,SAS,23,72,53,19,1020,246,93,209,44.5,15,40,37.5,45,57,78.9,33,175,208,91,39,51,26,63,824.1,0,0,179
2017,Regular,Kyle Korver,5239437,CLE,36,67,33,34,1753,678,239,515,46.4,162,359,45.1,38,42,90.5,7,179,186,110,69,34,21,107,1162.2,0,0,-170
2017,Regular,Kyle Lowry,12000000,TOR,31,60,36,24,2244,1344,426,918,46.4,193,468,41.2,299,365,81.9,48,238,286,417,173,88,19,170,2460.7,11,1,358
2017,Regular,Kyle O'Quinn,3918750,NYK,27,79,29,50,1229,496,215,413,52.1,2,17,11.8,64,83,77.1,157,282,439,117,76,36,104,174,1542.3,6,0,-161
2017,Regular,Kyle Singler,4837500,OKC,29,32,15,17,385,88,34,83,41,7,37,18.9,13,17,76.5,8,40,48,9,11,7,5,29,184.1,0,0,8
2017,Regular,Kyle Wiltjer,543471,HOU,24,14,12,2,44,13,4,14,28.6,4,13,30.8,1,2,50,4,6,10,2,5,3,1,4,35,0,0,-38
2017,Regular,Kyrie Irving,17638063,CLE,25,72,47,25,2525,1816,671,1420,47.3,177,441,40.1,297,328,90.5,52,178,230,418,180,83,24,157,2860,8,0,333
2017,Regular,LaMarcus Aldridge,20575005,SAS,31,72,52,20,2335,1243,500,1049,47.7,23,56,41.1,220,271,81.2,172,351,523,139,98,46,88,158,2383.1,18,0,272
2017,Regular,Lance Stephenson,4000000,IND,26,18,8,10,362,122,54,120,45,6,20,30,8,13,61.5,4,48,52,59,26,5,3,32,270.9,0,0,11
2017,Regular,Lance Thomas,6191000,NYK,29,46,15,31,968,275,97,244,39.8,38,85,44.7,43,51,84.3,32,110,142,35,25,21,5,85,550.9,1,0,-203
2017,Regular,Langston Galloway,5200000,SAC,25,74,29,45,1494,585,207,545,38,120,308,39,51,64,79.7,27,129,156,93,46,46,6,96,1021.7,0,0,-60
2017,Regular,Larry Nance Jr.,1207680,LAL,24,63,21,42,1442,449,190,361,52.6,10,36,27.8,59,80,73.8,120,249,369,96,56,82,39,149,1342.8,7,0,-133
2017,Regular,Lavoy Allen,4000000,IND,28,61,31,30,871,177,77,168,45.8,0,1,0,23,33,69.7,105,114,219,57,29,18,24,78,622.3,2,0,-122
2017,Regular,LeBron James,30963450,CLE,32,74,51,23,2794,1954,736,1344,54.8,124,342,36.3,358,531,67.4,97,542,639,646,303,92,44,134,3794.8,42,13,483
2017,Regular,Leandro Barbosa,4000000,PHX,34,67,20,47,963,419,172,392,43.9,35,98,35.7,40,45,88.9,15,89,104,81,48,31,8,82,734.3,0,0,-66
2017,Regular,Lou Williams,7000000,HOU,30,81,34,47,1993,1421,428,998,42.9,163,446,36.5,402,457,88,26,176,202,239,160,80,20,92,2161.9,0,0,50
2017,Regular,Luc Mbah a Moute,2203000,LAC,30,80,49,31,1787,484,191,378,50.5,43,110,39.1,59,87,67.8,44,126,170,39,46,81,35,122,1048.5,0,0,261
2017,Regular,Lucas Nogueira,1921320,TOR,24,57,34,23,1088,253,103,156,66,3,12,25,44,67,65.7,82,162,244,42,46,52,89,137,985.8,0,0,177
2017,Regular,Luis Scola,5500000,BKN,37,36,7,29,461,184,71,151,47,17,50,34,25,37,67.6,51,88,139,37,34,14,4,63,426.3,1,0,-83
2017,Regular,Luke Babbitt,1227286,MIA,28,68,35,33,1065,324,113,281,40.2,87,210,41.4,11,15,73.3,12,129,141,36,25,20,11,118,615.2,0,0,-8
2017,Regular,Luol Deng,18000000,LAL,32,56,18,38,1486,425,164,424,38.7,51,165,30.9,46,63,73,63,232,295,74,43,48,20,61,1051,5,0,-195
2017,Regular,Malachi Richardson,1439880,SAC,21,22,9,13,198,79,28,68,41.2,8,28,28.6,15,19,78.9,3,20,23,11,8,5,1,23,133.1,0,0,-18
2017,Regular,Malcolm Brogdon,925000,MIL,24,75,38,37,1982,767,290,635,45.7,78,193,40.4,109,126,86.5,47,166,213,317,113,84,12,140,1673.1,2,1,87
2017,Regular,Malcolm Delaney,2500000,ATL,28,73,37,36,1248,391,145,388,37.4,26,110,23.6,75,93,80.6,10,113,123,193,95,39,1,112,853.1,0,0,33
2017,Regular,Malik Beasley,1627320,DEN,20,22,12,10,165,83,33,73,45.2,9,28,32.1,8,10,80,5,12,17,11,8,7,0,10,132.9,0,0,58
2017,Regular,Manu Ginobili,14000000,SAS,39,69,51,18,1291,517,171,439,39,89,227,39.2,86,107,80.4,28,129,157,183,96,82,16,119,1177.9,0,0,258
2017,Regular,Marc Gasol,21165675,MEM,32,74,40,34,2531,1446,532,1160,45.9,104,268,38.8,278,332,83.7,60,404,464,338,166,67,99,171,2841.8,11,2,64
2017,Regular,Marcelo Huertas,1500000,LAL,34,23,5,18,237,63,25,68,36.8,4,19,21.1,9,17,52.9,2,22,24,52,19,10,2,16,186.8,0,0,-43
2017,Regular,Marcin Gortat,12000000,WAS,33,82,49,33,2555,883,390,674,57.9,0,2,0,103,159,64.8,238,611,849,121,119,40,61,213,2267.3,36,0,201
2017,Regular,Marco Belinelli,6333333,CHA,31,74,34,40,1778,780,264,615,42.9,102,283,36,150,168,89.3,14,164,178,147,70,44,9,90,1303.1,1,0,44
2017,Regular,Marcus Morris,4625000,DET,27,79,36,43,2565,1105,421,1007,41.8,118,357,33.1,145,185,78.4,77,289,366,160,87,52,25,168,1928.2,5,0,-106
2017,Regular,Marcus Smart,3578880,BOS,23,79,51,28,2399,835,269,749,35.9,94,332,28.3,203,250,81.2,78,227,305,364,159,125,34,192,2065,2,0,129
2017,Regular,Mario Hezonja,3909840,ORL,22,65,20,45,960,317,117,330,35.5,43,144,29.9,40,50,80,20,126,146,62,58,30,15,74,662.2,0,0,-286
2017,Regular,Markieff Morris,7400000,WAS,27,76,45,31,2374,1063,406,889,45.7,71,196,36.2,180,215,83.7,107,386,493,126,129,82,42,254,2086.6,9,0,184
2017,Regular,Marquese Chriss,2941440,PHX,19,82,24,58,1743,753,284,632,44.9,72,224,32.1,113,181,62.4,96,252,348,60,108,67,70,263,1563.6,3,0,-380
2017,Regular,Marreese Speights,1403611,LAC,29,82,51,31,1286,711,244,548,44.5,103,277,37.2,120,137,87.6,88,285,373,65,69,23,41,229,1379.1,4,0,-37
2017,Regular,Marshall Plumlee,543471,NYK,24,21,6,15,170,40,16,30,53.3,0,0,0,8,19,42.1,23,28,51,10,12,4,4,23,128.2,1,0,-3
2017,Regular,Marvin Williams,12250000,CHA,31,76,32,44,2295,849,297,704,42.2,124,354,35,131,150,87.3,89,411,500,106,60,58,53,134,1881,11,0,-32
2017,Regular,Mason Plumlee,2328530,DEN,27,81,38,43,2147,842,334,623,53.6,0,6,0,174,300,58,170,435,605,284,134,69,92,226,2343,19,0,0
2017,Regular,Matt Barnes,242224,GSW,37,74,38,36,1776,527,185,473,39.1,87,263,33.1,70,89,78.7,70,314,384,195,107,48,26,185,1395.3,4,0,-67
2017,Regular,Matthew Dellavedova,9607500,MIL,26,76,39,37,1986,577,208,534,39,79,215,36.7,82,96,85.4,24,123,147,357,133,53,0,153,1314.9,0,0,-74
2017,Regular,Maurice Harkless,9488764,POR,24,77,38,39,2223,773,314,624,50.3,68,194,35.1,77,124,62.1,125,216,341,88,86,85,70,214,1693.2,2,0,50
2017,Regular,Metta World Peace,980431,LAL,37,25,8,17,160,57,19,68,27.9,9,38,23.7,10,16,62.5,5,15,20,11,7,10,2,18,126.5,0,0,-58
2017,Regular,Meyers Leonard,9213483,POR,25,74,37,37,1222,401,146,378,38.6,74,213,34.7,35,40,87.5,27,210,237,71,35,13,28,172,879.9,1,0,-30
2017,Regular,Michael Beasley,1403611,MIL,28,56,23,33,935,528,216,406,53.2,18,43,41.9,78,105,74.3,40,153,193,53,66,27,27,92,935.1,1,0,-41
2017,Regular,Michael Carter-Williams,3183526,CHI,25,45,25,20,846,297,112,306,36.6,15,64,23.4,58,77,75.3,24,129,153,113,66,38,23,102,767.1,0,0,-28
2017,Regular,Michael Kidd-Gilchrist,13000000,CHA,23,81,36,45,2349,743,295,618,47.7,1,9,11.1,152,194,78.4,156,409,565,114,56,81,77,187,2010,11,0,-7
2017,Regular,Mike Conley,26540100,MEM,29,69,35,34,2292,1415,464,1009,46,171,419,40.8,316,368,85.9,31,210,241,433,156,92,19,126,2530.7,8,0,189
2017,Regular,Mike Dunleavy,4837500,ATL,36,53,34,19,841,275,93,220,42.3,53,134,39.6,36,45,80,18,97,115,50,28,15,7,67,526,0,0,-37
2017,Regular,Mike Miller,3500000,DEN,37,20,9,11,151,28,9,23,39.1,8,20,40,2,2,100,2,36,38,22,13,2,0,9,99.6,0,0,-5
2017,Regular,Mike Muscala,1015696,ATL,25,70,36,34,1237,435,170,337,50.4,46,110,41.8,49,64,76.6,76,164,240,95,55,30,41,97,1023.5,0,0,-76
2017,Regular,Mike Scott,3333334,ATL,28,18,7,11,195,45,17,59,28.8,4,27,14.8,7,8,87.5,10,27,37,17,8,4,3,12,127.9,0,0,-42
2017,Regular,Miles Plumlee,12500000,CHA,28,45,19,26,485,113,44,92,47.8,0,0,0,25,39,64.1,38,57,95,21,30,18,13,73,321.5,0,0,-66
2017,Regular,Mindaugas Kuzminskas,2898000,NYK,27,68,24,44,1016,425,158,369,42.8,54,168,32.1,55,68,80.9,47,79,126,69,51,29,11,79,748.7,0,0,-1
2017,Regular,Mirza Teletovic,10500000,MIL,31,70,36,34,1133,451,156,418,37.3,104,305,34.1,35,45,77.8,11,151,162,48,37,12,13,109,755.4,0,0,74
2017,Regular,Monta Ellis,10763500,IND,31,74,39,35,1998,630,247,557,44.3,43,135,31.9,93,128,72.7,19,185,204,236,135,78,27,149,1408.8,0,0,-71
2017,Regular,Montrezl Harrell,1045000,HOU,23,58,39,19,1064,527,225,345,65.2,1,7,14.3,76,121,62.8,81,138,219,64,44,20,42,126,1027.8,3,0,106
2017,Regular,Myles Turner,2463840,IND,21,81,42,39,2541,1173,444,869,51.1,40,115,34.8,245,303,80.9,139,450,589,106,105,74,172,262,2671.8,15,0,144
2017,Regular,Nemanja Bjelica,3800000,MIN,29,65,28,37,1190,403,151,356,42.4,56,177,31.6,45,61,73.8,57,187,244,79,59,40,20,154,935.3,3,0,-11
2017,Regular,Nene Hilario,2898000,HOU,34,67,47,20,1198,609,245,397,61.7,3,9,33.3,116,197,58.9,95,187,282,65,73,56,39,163,1256.9,0,0,193
2017,Regular,Nerlens Noel,4384490,DAL,23,51,24,27,1047,445,184,309,59.5,0,1,0,77,111,69.4,93,201,294,50,51,65,50,126,1166.8,3,0,-82
2017,Regular,Nick Collison,3750000,OKC,36,20,10,10,128,33,14,23,60.9,0,1,0,5,8,62.5,9,22,31,12,4,2,2,17,96.2,0,0,-39
2017,Regular,Nick Young,5443918,LAL,32,60,19,41,1556,791,272,633,43,170,421,40.4,77,90,85.6,25,113,138,58,36,37,14,137,1160.6,0,0,-209
2017,Regular,Nicolas Batum,20869565,CHA,28,77,35,42,2617,1164,393,975,40.3,135,405,33.3,243,284,85.6,46,435,481,456,194,86,29,109,2576.2,15,1,70
2017,Regular,Nicolas Brussino,543471,DAL,24,54,18,36,521,150,52,141,36.9,29,95,30.5,17,22,77.3,26,69,95,47,26,17,8,43,383.5,0,0,-107
2017,Regular,Nik Stauskas,2993040,PHI,23,80,27,53,2188,756,251,634,39.6,132,359,36.8,122,150,81.3,21,205,226,188,128,45,32,144,1412.2,0,0,-188
2017,Regular,Nikola Jokic,1358500,DEN,22,73,37,36,2038,1221,494,854,57.8,45,139,32.4,188,228,82.5,212,506,718,359,171,61,55,214,2798.1,39,6,298
2017,Regular,Nikola Mirotic,5782450,CHI,26,70,37,33,1679,744,258,625,41.3,129,377,34.2,99,128,77.3,61,323,384,75,80,53,55,128,1561.3,8,0,199
2017,Regular,Nikola Vucevic,11750000,ORL,26,75,27,48,2163,1096,483,1031,46.8,23,75,30.7,107,160,66.9,176,603,779,208,117,76,74,180,2675.8,38,0,-140
2017,Regular,Noah Vonleh,2751360,POR,21,74,38,36,1265,327,130,270,48.1,7,20,35,60,94,63.8,131,256,387,31,64,30,27,154,944.9,4,0,-89
2017,Regular,Norman Powell,874636,TOR,24,76,47,29,1368,636,227,506,44.9,56,173,32.4,126,159,79.2,26,143,169,82,70,52,14,127,1089.8,0,0,82
2017,Regular,Norris Cole,247991,OKC,28,13,5,8,125,43,16,52,30.8,3,13,23.1,8,10,80,0,11,11,14,7,8,0,18,94.2,0,0,-16
2017,Regular,Okaro White,210995,MIA,24,35,26,9,471,98,33,87,37.9,12,34,35.3,20,22,90.9,25,57,82,21,18,10,10,52,269.9,0,0,68
2017,Regular,Omer Asik,9904494,NOP,30,31,12,19,482,85,31,65,47.7,0,0,0,23,39,59,48,115,163,15,14,5,10,51,334.1,1,0,-60
2017,Regular,Omri Casspi,138414,MIN,29,36,12,24,642,186,77,164,47,15,43,34.9,17,29,58.6,27,85,112,37,29,23,3,50,424.9,0,0,-105
2017,Regular,Otto Porter Jr.,5893981,WAS,24,80,48,32,2605,1075,414,803,51.6,148,341,43.4,99,119,83.2,118,396,514,121,44,116,42,193,2303.3,12,0,192
2017,Regular,PJ Tucker,5300000,TOR,32,81,35,46,2236,540,199,482,41.3,70,196,35.7,72,93,77.4,117,354,471,99,66,116,19,196,1592.7,3,0,-75
2017,Regular,Pascal Siakam,1196040,TOR,23,55,35,20,859,229,103,205,50.2,1,7,14.3,22,32,68.8,64,121,185,17,33,26,45,109,656.5,0,0,-51
2017,Regular,Pat Connaughton,874636,POR,24,39,18,21,316,98,37,72,51.4,17,33,51.5,7,9,77.8,10,42,52,28,17,6,2,23,209.4,0,0,-17
2017,Regular,Patrick Beverley,6000000,HOU,28,67,46,21,2058,639,228,543,42,110,288,38.2,73,95,76.8,95,298,393,281,100,99,25,222,1804.1,6,0,353
2017,Regular,Patrick McCaw,543471,GSW,21,71,57,14,1074,282,106,245,43.3,41,123,33.3,29,37,78.4,21,79,100,77,36,32,15,62,622.5,0,0,-44
2017,Regular,Patrick Patterson,6050000,TOR,28,65,42,23,1599,445,154,384,40.1,94,253,37.2,43,60,71.7,62,231,293,76,38,40,23,120,1061.6,1,0,348
2017,Regular,Patty Mills,3578948,SAS,28,80,60,20,1754,759,273,621,44,147,355,41.4,66,80,82.5,24,117,141,280,101,65,3,109,1451.2,1,0,410
2017,Regular,Pau Gasol,15500000,SAS,36,64,47,17,1627,792,303,604,50.2,56,104,53.8,130,184,70.7,107,394,501,150,81,24,70,110,1819.2,11,0,227
2017,Regular,Paul George,18314532,IND,27,75,39,36,2689,1775,622,1348,46.1,195,496,39.3,336,374,89.8,58,434,492,251,220,119,27,206,2959.9,11,0,172
2017,Regular,Paul Millsap,20072033,ATL,32,69,40,29,2343,1246,430,972,44.2,75,241,31.1,311,405,76.8,111,422,533,252,158,90,62,186,2561.6,19,0,132
2017,Regular,Paul Pierce,3527920,LAC,39,25,16,9,277,81,28,70,40,15,43,34.9,10,13,76.9,1,47,48,10,16,4,5,40,164.6,0,0,28
2017,Regular,Paul Zipser,750000,CHI,23,44,21,23,843,240,88,221,39.8,33,99,33.3,31,40,77.5,15,110,125,36,40,15,16,78,497,0,0,14
2017,Regular,Quincy Acy,1790092,BKN,26,38,11,27,558,222,70,170,41.2,37,90,41.1,45,60,75,20,95,115,18,21,14,15,67,453,0,0,-37
2017,Regular,Quinn Cook,31969,NOP,24,14,9,5,187,79,33,66,50,11,26,42.3,2,5,40,1,6,7,26,13,4,0,13,125.4,0,0,-40
2017,Regular,Rajon Rondo,14000000,CHI,31,69,34,35,1843,538,229,561,40.8,50,133,37.6,30,50,60,73,282,355,461,169,99,11,144,1816.5,6,1,-59
2017,Regular,Rakeem Christmas,1052342,IND,25,29,14,15,219,59,19,43,44.2,0,0,0,21,29,72.4,26,30,56,4,8,3,6,37,151.2,0,0,-34
2017,Regular,Ramon Sessions,6000000,CHA,31,50,23,27,811,312,100,263,38,21,62,33.9,91,118,77.1,11,62,73,129,46,27,3,43,637.1,0,0,-81
2017,Regular,Randy Foye,2500000,BKN,33,69,17,52,1284,357,118,325,36.3,67,203,33,54,63,85.7,9,146,155,135,80,35,9,99,797.5,0,0,-205
2017,Regular,Rashad Vaughn,1811040,MIL,20,41,18,23,458,142,57,156,36.5,26,81,32.1,2,5,40,4,45,49,23,14,19,10,32,308.3,0,0,-75
2017,Regular,Raul Neto,937800,UTA,25,40,24,16,346,100,41,91,45.1,10,31,32.3,8,9,88.9,4,26,30,34,15,21,5,48,250,0,0,84
2017,Regular,Raymond Felton,980431,LAC,33,80,50,30,1700,538,221,514,43,46,144,31.9,50,64,78.1,33,185,218,191,83,66,22,125,1267.1,0,0,-162
2017,Regular,Reggie Bullock,2255644,DET,26,31,13,18,467,141,54,128,42.2,28,73,38.4,5,7,71.4,13,51,64,29,10,18,3,22,314.3,0,0,56
2017,Regular,Reggie Jackson,14956522,DET,27,52,23,29,1424,752,284,677,41.9,66,184,35.9,118,136,86.8,21,93,114,270,114,35,5,129,1299.8,4,0,-226
2017,Regular,Richard Jefferson,2500000,CLE,37,79,50,29,1614,448,153,343,44.6,62,186,33.3,80,108,74.1,28,175,203,78,52,26,10,153,864.6,1,0,132
2017,Regular,Richaun Holmes,1025831,PHI,23,57,16,41,1193,559,230,412,55.8,27,77,35.1,72,103,69.9,94,217,311,58,55,42,55,136,1255.2,5,0,-228
2017,Regular,Ricky Rubio,13575000,MIN,26,75,28,47,2469,836,261,650,40.2,60,196,30.6,254,285,89.1,68,237,305,682,195,128,10,202,2444,25,1,-9
2017,Regular,Robert Covington,1015696,PHI,26,67,27,40,2119,864,292,732,39.9,137,412,33.3,143,174,82.2,92,344,436,102,131,127,69,203,1997.2,12,0,-152
2017,Regular,Robin Lopez,13219250,CHI,29,81,40,41,2271,839,382,775,49.3,0,2,0,75,104,72.1,244,276,520,80,91,18,117,151,1897,8,0,73
2017,Regular,Rodney Hood,1406520,UTA,24,59,40,19,1593,748,272,666,40.8,114,307,37.1,90,115,78.3,16,186,202,96,65,38,11,132,1216.4,0,0,107
2017,Regular,Rodney McGruder,543471,MIA,25,78,40,38,1966,497,190,460,41.3,73,220,33.2,44,71,62,94,162,256,124,56,46,18,140,1126.2,0,0,4
2017,Regular,Rodney Stuckey,7000000,IND,31,39,17,22,696,281,91,244,37.3,19,60,31.7,80,107,74.8,6,78,84,84,53,16,0,44,502.8,0,0,-35
2017,Regular,Ron Baker,543471,NYK,24,52,14,38,857,215,82,217,37.8,23,86,26.7,28,43,65.1,12,86,98,107,56,34,8,74,563.1,0,0,-57
2017,Regular,Rondae Hollis-Jefferson,1395600,BKN,22,78,19,59,1761,675,235,542,43.4,15,67,22.4,190,253,75.1,96,356,452,154,116,82,44,177,1710.4,8,0,-266
2017,Regular,Ronnie Price,276828,PHX,34,14,4,10,134,14,4,24,16.7,3,17,17.6,3,4,75,3,8,11,18,3,11,1,14,87.2,0,0,-43
2017,Regular,Roy Hibbert,5000000,DEN,30,48,24,24,682,221,80,147,54.4,0,0,0,61,75,81.3,54,98,152,21,32,8,46,100,564.9,1,0,-22
2017,Regular,Rudy Gay,13333333,SAC,30,30,11,19,1013,562,201,442,45.5,42,113,37.2,118,138,85.5,35,155,190,83,74,44,26,79,1050.5,4,0,68
2017,Regular,Rudy Gobert,2121287,UTA,25,81,51,30,2744,1137,413,625,66.1,0,1,0,311,476,65.3,314,721,1035,97,147,49,214,246,3166.5,58,0,436
2017,Regular,Russell Westbrook,26540100,OKC,28,81,46,35,2802,2558,824,1941,42.5,200,583,34.3,710,840,84.5,137,727,864,840,438,132,31,190,4905.8,62,42,251
2017,Regular,Ryan Anderson,18735363,HOU,29,72,50,22,2116,979,323,773,41.8,204,506,40.3,129,150,86,112,218,330,68,55,31,14,142,1557,2,0,407
2017,Regular,Ryan Kelly,286785,ATL,26,16,6,10,110,25,8,28,28.6,4,10,40,5,6,83.3,1,17,18,8,4,4,5,5,81.6,0,0,4
2017,Regular,Salah Mejri,874636,DAL,31,73,29,44,905,213,88,137,64.2,1,3,33.3,36,61,59,97,211,308,14,40,32,61,152,842.6,1,0,-18
2017,Regular,Sam Dekker,1720560,HOU,23,77,52,25,1419,504,203,429,47.3,60,187,32.1,38,68,55.9,94,190,284,76,41,38,21,83,1094.8,0,0,73
2017,Regular,Sasha Vujacic,980431,NYK,33,42,14,28,408,124,42,136,30.9,23,74,31.1,17,24,70.8,12,47,59,52,16,13,2,38,301.8,0,0,-10
2017,Regular,Sean Kilpatrick,980431,BKN,27,70,14,56,1754,919,305,735,41.5,105,308,34.1,204,242,84.3,22,258,280,157,135,45,6,118,1508.5,4,0,-226
2017,Regular,Semaj Christon,543471,OKC,24,64,36,28,973,183,77,223,34.5,12,63,19,17,31,54.8,19,68,87,130,43,28,7,79,544.4,0,0,-142
2017,Regular,Serge Ibaka,12250000,TOR,27,79,37,42,2422,1173,471,982,48,124,317,39.1,107,125,85.6,129,409,538,75,105,41,124,215,2321.1,11,0,-142
2017,Regular,Sergio Rodriguez,8000000,PHI,31,68,24,44,1518,530,210,536,39.2,92,252,36.5,18,27,66.7,21,136,157,344,128,49,4,95,1265.4,1,0,-138
2017,Regular,Seth Curry,2898000,DAL,26,70,30,40,2029,898,338,703,48.1,137,322,42.5,85,100,85,25,154,179,189,92,79,7,126,1562.3,1,0,-38
2017,Regular,Shabazz Muhammad,3046299,MIN,24,78,29,49,1516,772,288,598,48.2,49,145,33.8,147,190,77.4,84,136,220,35,56,22,6,86,1116.5,1,0,-76
2017,Regular,Shabazz Napier,1350120,POR,25,53,26,27,512,218,73,183,39.9,34,92,37,38,49,77.6,8,53,61,67,41,32,2,38,452.7,0,0,18
2017,Regular,Shaun Livingston,5782450,GSW,31,76,63,13,1345,389,173,316,54.7,1,3,33.3,42,60,70,28,123,151,139,62,38,20,120,890.7,0,0,151
2017,Regular,Shawn Long,89513,PHI,24,18,5,13,234,148,61,109,56,7,19,36.8,19,35,54.3,41,44,85,13,13,9,9,49,310.5,1,0,20
2017,Regular,Shelvin Mack,2433334,UTA,27,55,34,21,1205,430,170,381,44.6,37,120,30.8,53,77,68.8,20,105,125,154,90,42,3,100,856,0,0,16
2017,Regular,Skal Labissiere,1188840,SAC,21,33,9,24,612,289,117,218,53.7,3,8,37.5,52,74,70.3,51,111,162,27,37,16,13,64,573.9,2,0,-41
2017,Regular,Solomon Hill,11241218,NOP,26,80,34,46,2374,563,183,478,38.3,94,270,34.8,103,128,80.5,51,256,307,141,82,72,32,182,1372.9,0,0,1
2017,Regular,Spencer Dinwiddie,726672,BKN,24,59,13,46,1334,432,134,302,44.4,38,101,37.6,126,159,79.2,27,137,164,185,66,44,23,119,1041.3,0,0,-134
2017,Regular,Spencer Hawes,6348759,MIL,29,54,27,27,797,337,134,277,48.4,25,81,30.9,44,52,84.6,38,153,191,81,49,15,30,77,773.7,3,0,-173
2017,Regular,Stanley Johnson,2969880,DET,21,77,35,42,1371,339,129,365,35.3,45,154,29.2,36,53,67.9,36,153,189,105,71,56,24,121,892.3,0,0,3
2017,Regular,Stephen Curry,12112359,GSW,29,79,65,14,2638,1999,675,1443,46.8,324,789,41.1,325,362,89.8,61,292,353,524,239,142,17,183,3446.6,9,0,1015
2017,Regular,Stephen Zimmerman,950000,ORL,20,19,8,11,108,23,10,31,32.3,0,0,0,3,5,60,11,24,35,4,3,2,5,17,89,0,0,-41
2017,Regular,Steven Adams,3140517,OKC,23,80,47,33,2389,905,374,655,57.1,0,1,0,157,257,61.1,281,332,613,86,146,89,78,195,2124.6,16,0,195
2017,Regular,T.J. McConnell,874636,PHI,25,81,27,54,2133,556,236,512,46.1,11,55,20,73,90,81.1,39,212,251,534,159,134,10,139,1931.2,5,0,-316
2017,Regular,TJ Warren,2128920,PHX,23,66,20,46,2048,951,403,814,49.5,26,98,26.5,119,154,77.3,125,214,339,75,57,76,39,175,1758.3,5,0,-283
2017,Regular,Taj Gibson,8950000,OKC,32,78,41,37,1989,846,365,709,51.5,3,13,23.1,113,158,71.5,158,327,485,73,105,41,65,163,1750.5,11,0,1
2017,Regular,Tarik Black,6191000,LAL,25,67,24,43,1091,383,150,294,51,1,2,50,82,109,75.2,144,199,343,39,58,29,44,173,1014.1,2,0,-49
2017,Regular,Taurean Prince,2318280,ATL,23,59,28,31,981,335,114,285,40,33,102,32.4,74,94,78.7,25,132,157,55,61,43,27,96,754.9,0,0,-29
2017,Regular,Terrence Ross,10000000,ORL,26,78,39,39,1955,858,326,746,43.7,142,391,36.3,64,77,83.1,18,188,206,88,68,87,33,143,1529.2,0,0,126
2017,Regular,Terry Rozier,1906440,BOS,23,74,47,27,1263,410,151,411,36.7,57,179,31.8,51,66,77.3,40,187,227,131,47,46,11,69,1002.9,1,0,-12
2017,Regular,Thabo Sefolosha,3850000,ATL,33,62,32,30,1596,444,174,395,44.1,41,120,34.2,55,75,73.3,54,216,270,107,58,96,31,97,1251.5,0,0,-63
2017,Regular,Thaddeus Young,14153652,IND,29,74,40,34,2237,814,362,687,52.7,45,118,38.1,45,86,52.3,131,317,448,122,95,113,29,135,1865.6,7,0,65
2017,Regular,Thomas Robinson,980431,LAL,26,48,15,33,560,241,105,196,53.6,0,1,0,31,66,47,84,139,223,31,46,26,9,76,614.1,1,0,-84
2017,Regular,Thon Maker,2568600,MIL,20,57,31,26,562,226,83,181,45.9,28,74,37.8,32,49,65.3,40,74,114,23,17,10,26,84,488.3,0,0,-27
2017,Regular,Tim Frazier,2090000,NOP,26,65,26,39,1525,464,163,404,40.3,40,128,31.3,98,129,76,34,139,173,335,101,56,6,133,1259.1,7,1,-86
2017,Regular,Tim Hardaway Jr.,2281605,ATL,25,79,42,37,2154,1143,415,912,45.5,149,417,35.7,164,214,76.6,35,189,224,182,106,55,15,103,1788.8,0,0,157
2017,Regular,Tim Quarterman,543471,POR,22,16,6,10,80,31,13,29,44.8,5,13,38.5,0,3,0,4,10,14,11,11,2,3,6,68.3,0,0,1
2017,Regular,Timofey Mozgov,16000000,LAL,30,54,16,38,1104,401,169,328,51.5,0,1,0,63,78,80.8,104,160,264,43,72,16,31,133,851.3,1,0,-197
2017,Regular,Timothe Luwawu-Cabarrot,1326960,PHI,22,69,23,46,1190,445,145,361,40.2,50,161,31.1,105,123,85.4,25,124,149,75,73,32,10,154,789.3,0,0,-60
2017,Regular,Tobias Harris,17200000,DET,24,82,37,45,2566,1321,511,1063,48.1,109,314,34.7,190,226,84.1,63,353,416,142,96,60,39,133,2234.2,3,0,2
2017,Regular,Tomas Satoransky,2870813,WAS,25,57,33,24,719,154,61,147,41.5,9,37,24.3,23,33,69.7,25,58,83,92,38,26,6,60,449.6,1,0,12
2017,Regular,Toney Douglas,57672,MEM,31,24,15,9,394,117,43,117,36.8,7,42,16.7,24,29,82.8,13,48,61,56,21,18,5,50,322.2,0,0,11
2017,Regular,Tony Allen,5505618,MEM,35,71,36,35,1914,643,274,595,46.1,15,54,27.8,80,130,61.5,166,225,391,98,100,115,29,178,1591.2,5,0,-8
2017,Regular,Tony Parker,14445313,SAS,35,63,46,17,1587,638,265,569,46.6,23,69,33.3,85,117,72.6,9,104,113,285,89,34,2,92,1220.1,0,0,177
2017,Regular,Tony Snell,2368327,MIL,25,80,42,38,2336,683,246,541,45.5,144,355,40.6,47,58,81,22,226,248,96,55,55,14,125,1276.6,1,0,-118
2017,Regular,Treveon Graham,543471,CHA,23,27,10,17,189,57,19,40,47.5,9,15,60,10,15,66.7,5,17,22,6,3,6,1,18,110.4,0,0,-39
2017,Regular,Trevor Ariza,7806971,HOU,32,80,53,27,2773,936,326,798,40.9,191,555,34.4,93,126,73.8,54,404,458,175,73,147,20,133,2176.1,3,0,367
2017,Regular,Trevor Booker,9250000,BKN,29,71,18,53,1754,709,305,591,51.6,25,78,32.1,74,110,67.3,143,428,571,138,127,75,28,152,1783.2,16,0,-334
2017,Regular,Trey Burke,3386598,WAS,24,57,35,22,703,285,116,255,45.5,31,70,44.3,22,29,75.9,7,40,47,100,48,11,5,54,491.4,0,0,-159
2017,Regular,Trey Lyles,2340600,UTA,21,71,43,28,1158,440,159,439,36.2,65,204,31.9,57,79,72.2,48,187,235,69,64,26,20,97,899.5,1,0,26
2017,Regular,Tristan Thompson,15330435,CLE,26,78,50,28,2336,630,262,437,60,0,3,0,106,213,49.8,286,429,715,77,64,39,84,176,1908.5,19,0,133
2017,Regular,Troy Daniels,3332940,MEM,25,67,33,34,1183,551,185,495,37.4,138,355,38.9,43,54,79.6,22,78,100,46,45,20,4,90,767,0,0,87
2017,Regular,Troy Williams,76725,HOU,22,30,19,11,557,185,73,167,43.7,18,62,29,21,32,65.6,15,54,69,25,32,27,10,60,384.3,0,0,-76
2017,Regular,Ty Lawson,980431,SAC,29,69,25,44,1732,681,237,522,45.4,34,118,28.8,173,217,79.7,44,135,179,334,129,74,6,119,1507.8,3,1,-157
2017,Regular,Tyler Ennis,1733880,LAL,22,53,28,25,588,228,90,208,43.3,27,70,38.6,21,25,84,9,36,45,86,45,25,2,58,447,0,0,-1
2017,Regular,Tyler Johnson,5628000,MIA,25,73,35,38,2178,1002,357,824,43.3,93,250,37.2,195,254,76.8,50,243,293,233,90,84,44,176,1997.1,0,0,37
2017,Regular,Tyler Ulis,918369,PHX,21,61,15,46,1123,444,184,437,42.1,21,79,26.6,55,71,77.5,20,75,95,226,77,48,5,73,979,6,0,-140
2017,Regular,Tyler Zeller,8000000,BOS,27,51,32,19,525,178,78,158,49.4,0,1,0,22,39,56.4,43,81,124,42,20,7,21,61,453.8,1,0,-2
2017,Regular,Tyreke Evans,10661286,SAC,27,40,17,23,788,411,150,370,40.5,42,118,35.6,69,92,75,13,124,137,124,61,35,9,60,832.4,0,0,-150
2017,Regular,Tyson Chandler,12415000,PHX,34,47,15,32,1298,397,153,228,67.1,0,0,0,91,124,73.4,153,386,539,30,65,33,24,126,1194.8,12,0,-76
2017,Regular,Tyus Jones,1339680,MIN,21,60,23,37,774,209,75,181,41.4,26,73,35.6,33,43,76.7,10,57,67,156,38,48,5,50,644.4,0,0,34
2017,Regular,Udonis Haslem,4000000,MIA,37,16,6,10,130,31,11,23,47.8,0,3,0,9,15,60,8,28,36,6,8,6,1,22,96.2,0,0,-68
2017,Regular,Victor Oladipo,6552960,OKC,25,67,39,28,2222,1067,412,932,44.2,127,352,36.1,116,154,75.3,39,252,291,176,119,78,21,155,1858.2,3,0,174
2017,Regular,Vince Carter,4264057,MEM,40,73,36,37,1799,586,193,490,39.4,112,296,37.8,88,115,76.5,36,191,227,133,50,60,36,163,1295.9,0,0,158
2017,Regular,Wade Baldwin IV,1793760,MEM,21,33,18,15,405,106,36,115,31.3,3,22,13.6,31,37,83.8,11,35,46,61,39,18,7,40,288.7,0,0,-139
2017,Regular,Wayne Ellington,6000000,MIA,29,62,35,27,1500,648,231,555,41.6,149,394,37.8,37,43,86,18,114,132,70,30,35,4,70,998.4,0,0,85
2017,Regular,Wayne Selden,83119,MEM,22,14,6,8,236,71,25,58,43.1,7,28,25,14,22,63.6,1,15,16,13,12,6,1,18,118.7,0,0,-42
2017,Regular,Wesley Johnson,5628000,LAC,29,68,40,28,810,186,73,200,36.5,29,118,24.6,11,17,64.7,26,155,181,23,18,29,30,83,596.7,0,0,-57
2017,Regular,Wesley Matthews,17145838,DAL,30,73,29,44,2495,986,333,847,39.3,174,479,36.3,146,179,81.6,18,241,259,210,102,77,15,161,1785.8,0,0,-194
2017,Regular,Will Barton,3533333,DEN,26,60,31,29,1705,820,295,666,44.3,87,235,37,143,190,75.3,58,201,259,206,97,48,28,110,1570.8,2,0,-80
2017,Regular,Willie Cauley-Stein,3551160,SAC,23,75,29,46,1421,611,255,481,53,0,2,0,101,151,66.9,85,254,339,80,69,53,44,147,1359.8,8,0,-204
2017,Regular,Willie Reed,1015696,MIA,27,71,39,32,1031,374,162,285,56.8,1,4,25,49,88,55.7,129,203,332,26,31,18,47,137,975.4,4,0,35
2017,Regular,Willy Hernangomez,1375000,NYK,23,72,27,45,1324,587,246,465,52.9,4,15,26.7,91,125,72.8,170,332,502,96,100,41,36,150,1464.4,11,0,-56
2017,Regular,Wilson Chandler,11233146,DEN,30,71,35,36,2197,1117,433,939,46.1,110,326,33.7,141,194,72.7,103,357,460,141,114,51,30,172,2009.5,9,0,-35
2017,Regular,Yogi Ferrell,207798,DAL,24,46,18,28,1197,462,160,394,40.6,68,176,38.6,74,89,83.1,20,91,111,172,70,42,9,90,936.2,0,0,-119
2017,Regular,Zach LaVine,2240880,MIN,22,47,16,31,1749,889,326,710,45.9,120,310,38.7,117,140,83.6,19,141,160,139,85,41,10,104,1357.5,0,0,-117
2017,Regular,Zach Randolph,10361445,MEM,35,73,38,35,1786,1028,433,964,44.9,21,94,22.3,141,193,73.1,182,416,598,122,99,38,10,136,1973.6,20,0,75
2017,Regular,Zaza Pachulia,2898000,GSW,33,70,58,12,1268,426,164,307,53.4,0,2,0,98,126,77.8,140,270,410,132,87,59,33,166,1305,4,0,418
